{
  "dependencies": {
    "mssql2": {
      "secretStore": "AzureAppSettings",
      "resourceId": "/subscriptions/[parameters('subscriptionId')]/resourceGroups/[parameters('resourceGroupName')]/providers/Microsoft.Sql/servers/adminsdatabase/databases/AdminsDatabaseContext",
      "type": "mssql.azure",
      "connectionId": "ConnectionStrings:AdminsDatabaseConnectionString"
    },
    "mssql1": {
      "secretStore": "AzureAppSettings",
      "resourceId": "/subscriptions/[parameters('subscriptionId')]/resourcegroups/[parameters('resourceGroupName')]/providers/Microsoft.Sql/servers/adminsdatabase/databases/PluginSubscriptionsDatabaseContext",
      "type": "mssql.azure",
      "connectionId": "ConnectionStrings:PluginSubscriptionsDatabaseConnectionString"
    }
  }
}